[{"model": "admin.logentry", "pk": 1, "fields": {"action_time": "2025-09-06T06:55:31.916Z", "user": 1, "content_type": 6, "object_id": "1", "object_repr": "Shirts", "action_flag": 1, "change_message": "[{\"added\": {}}]"}}, {"model": "admin.logentry", "pk": 2, "fields": {"action_time": "2025-09-06T07:01:29.711Z", "user": 1, "content_type": 6, "object_id": "2", "object_repr": "Tshirt", "action_flag": 1, "change_message": "[{\"added\": {}}]"}}, {"model": "admin.logentry", "pk": 3, "fields": {"action_time": "2025-09-06T07:01:59.782Z", "user": 1, "content_type": 6, "object_id": "3", "object_repr": "Jeans", "action_flag": 1, "change_message": "[{\"added\": {}}]"}}, {"model": "admin.logentry", "pk": 4, "fields": {"action_time": "2025-09-06T07:02:21.989Z", "user": 1, "content_type": 6, "object_id": "4", "object_repr": "Shoes", "action_flag": 1, "change_message": "[{\"added\": {}}]"}}, {"model": "admin.logentry", "pk": 5, "fields": {"action_time": "2025-09-06T07:02:53.600Z", "user": 1, "content_type": 6, "object_id": "5", "object_repr": "Jackets", "action_flag": 1, "change_message": "[{\"added\": {}}]"}}, {"model": "admin.logentry", "pk": 6, "fields": {"action_time": "2025-09-06T07:44:31.272Z", "user": 1, "content_type": 8, "object_id": "1", "object_repr": "ATX-Jeans", "action_flag": 1, "change_message": "[{\"added\": {}}]"}}, {"model": "admin.logentry", "pk": 7, "fields": {"action_time": "2025-09-06T07:47:43.060Z", "user": 1, "content_type": 8, "object_id": "2", "object_repr": "Blue Shirt", "action_flag": 1, "change_message": "[{\"added\": {}}]"}}, {"model": "admin.logentry", "pk": 8, "fields": {"action_time": "2025-09-06T09:59:57.174Z", "user": 1, "content_type": 8, "object_id": "3", "object_repr": "Great-Tshirt", "action_flag": 1, "change_message": "[{\"added\": {}}]"}}, {"model": "admin.logentry", "pk": 9, "fields": {"action_time": "2025-09-06T10:00:48.400Z", "user": 1, "content_type": 8, "object_id": "4", "object_repr": "Mavi_Jeans", "action_flag": 1, "change_message": "[{\"added\": {}}]"}}, {"model": "admin.logentry", "pk": 10, "fields": {"action_time": "2025-09-06T10:02:04.759Z", "user": 1, "content_type": 8, "object_id": "5", "object_repr": "US-Polo-Assn_Jacket", "action_flag": 1, "change_message": "[{\"added\": {}}]"}}, {"model": "admin.logentry", "pk": 11, "fields": {"action_time": "2025-09-06T10:03:21.010Z", "user": 1, "content_type": 8, "object_id": "6", "object_repr": "jordan-true-flight-basketball-shoes", "action_flag": 1, "change_message": "[{\"added\": {}}]"}}, {"model": "admin.logentry", "pk": 12, "fields": {"action_time": "2025-09-06T10:04:26.076Z", "user": 1, "content_type": 8, "object_id": "7", "object_repr": "jeans_solid", "action_flag": 1, "change_message": "[{\"added\": {}}]"}}, {"model": "admin.logentry", "pk": 13, "fields": {"action_time": "2025-09-06T10:06:33.424Z", "user": 1, "content_type": 8, "object_id": "8", "object_repr": "Puma-Ferrari-Shoes", "action_flag": 1, "change_message": "[{\"added\": {}}]"}}, {"model": "admin.logentry", "pk": 14, "fields": {"action_time": "2025-09-06T10:29:42.171Z", "user": 1, "content_type": 8, "object_id": "5", "object_repr": "US-Polo-Assn_Jacket", "action_flag": 2, "change_message": "[]"}}, {"model": "admin.logentry", "pk": 15, "fields": {"action_time": "2025-09-08T03:33:30.775Z", "user": 1, "content_type": 8, "object_id": "3", "object_repr": "Great-Tshirt", "action_flag": 2, "change_message": "[{\"changed\": {\"fields\": [\"Stock\"]}}]"}}, {"model": "admin.logentry", "pk": 16, "fields": {"action_time": "2025-11-11T16:08:29.381Z", "user": 1, "content_type": 11, "object_id": "1", "object_repr": "Variation object (1)", "action_flag": 1, "change_message": "[{\"added\": {}}]"}}, {"model": "admin.logentry", "pk": 17, "fields": {"action_time": "2025-11-12T03:39:17.853Z", "user": 1, "content_type": 11, "object_id": "2", "object_repr": "Variation object (2)", "action_flag": 1, "change_message": "[{\"added\": {}}]"}}, {"model": "admin.logentry", "pk": 18, "fields": {"action_time": "2025-11-12T04:13:14.451Z", "user": 1, "content_type": 11, "object_id": "3", "object_repr": "Variation object (3)", "action_flag": 1, "change_message": "[{\"added\": {}}]"}}, {"model": "admin.logentry", "pk": 19, "fields": {"action_time": "2025-11-12T04:13:30.185Z", "user": 1, "content_type": 11, "object_id": "4", "object_repr": "Variation object (4)", "action_flag": 1, "change_message": "[{\"added\": {}}]"}}, {"model": "admin.logentry", "pk": 20, "fields": {"action_time": "2025-11-12T04:13:43.280Z", "user": 1, "content_type": 11, "object_id": "5", "object_repr": "Variation object (5)", "action_flag": 1, "change_message": "[{\"added\": {}}]"}}, {"model": "admin.logentry", "pk": 21, "fields": {"action_time": "2025-11-12T04:13:55.216Z", "user": 1, "content_type": 11, "object_id": "6", "object_repr": "Variation object (6)", "action_flag": 1, "change_message": "[{\"added\": {}}]"}}, {"model": "admin.logentry", "pk": 22, "fields": {"action_time": "2025-11-18T05:01:46.405Z", "user": 1, "content_type": 7, "object_id": "4", "object_repr": "rajvj12@gmail.com", "action_flag": 3, "change_message": ""}}, {"model": "admin.logentry", "pk": 23, "fields": {"action_time": "2025-11-18T07:44:29.331Z", "user": 1, "content_type": 7, "object_id": "5", "object_repr": "rajvj1234@gmail.com", "action_flag": 3, "change_message": ""}}, {"model": "admin.logentry", "pk": 24, "fields": {"action_time": "2025-11-18T14:35:19.737Z", "user": 1, "content_type": 7, "object_id": "7", "object_repr": "sunitasinha.tiny@gmail.com", "action_flag": 3, "change_message": ""}}, {"model": "admin.logentry", "pk": 25, "fields": {"action_time": "2025-11-18T15:08:44.112Z", "user": 1, "content_type": 7, "object_id": "8", "object_repr": "sunitasinha.tiny@gmail.com", "action_flag": 3, "change_message": ""}}, {"model": "admin.logentry", "pk": 26, "fields": {"action_time": "2025-11-18T15:09:06.130Z", "user": 1, "content_type": 7, "object_id": "9", "object_repr": "sunitasinha.tiny@gmail.com", "action_flag": 3, "change_message": ""}}, {"model": "admin.logentry", "pk": 27, "fields": {"action_time": "2025-11-18T15:15:44.461Z", "user": 1, "content_type": 7, "object_id": "10", "object_repr": "sunitasinha.tiny@gmail.com", "action_flag": 3, "change_message": ""}}, {"model": "admin.logentry", "pk": 28, "fields": {"action_time": "2025-11-18T15:24:48.718Z", "user": 1, "content_type": 7, "object_id": "11", "object_repr": "sunitasinha.tiny@gmail.com", "action_flag": 3, "change_message": ""}}, {"model": "admin.logentry", "pk": 29, "fields": {"action_time": "2025-11-18T15:28:28.901Z", "user": 1, "content_type": 7, "object_id": "12", "object_repr": "sunitasinha.tiny@gmail.com", "action_flag": 3, "change_message": ""}}, {"model": "admin.logentry", "pk": 30, "fields": {"action_time": "2025-11-18T15:52:15.816Z", "user": 1, "content_type": 7, "object_id": "13", "object_repr": "sunitasinha.tiny@gmail.com", "action_flag": 3, "change_message": ""}}, {"model": "admin.logentry", "pk": 31, "fields": {"action_time": "2025-11-19T04:30:17.455Z", "user": 1, "content_type": 7, "object_id": "14", "object_repr": "sunitasinha.tiny@gmail.com", "action_flag": 3, "change_message": ""}}, {"model": "admin.logentry", "pk": 32, "fields": {"action_time": "2025-11-19T04:32:44.643Z", "user": 1, "content_type": 7, "object_id": "15", "object_repr": "sunitasinha.tiny@gmail.com", "action_flag": 3, "change_message": ""}}, {"model": "admin.logentry", "pk": 33, "fields": {"action_time": "2025-11-19T04:35:18.559Z", "user": 1, "content_type": 7, "object_id": "16", "object_repr": "sunitasinha.tiny@gmail.com", "action_flag": 3, "change_message": ""}}, {"model": "admin.logentry", "pk": 34, "fields": {"action_time": "2025-11-19T05:29:02.998Z", "user": 1, "content_type": 7, "object_id": "17", "object_repr": "sunitasinha.tiny@gmail.com", "action_flag": 3, "change_message": ""}}, {"model": "admin.logentry", "pk": 35, "fields": {"action_time": "2025-11-20T08:35:13.840Z", "user": 1, "content_type": 10, "object_id": "50", "object_repr": "CartItem object (50)", "action_flag": 3, "change_message": ""}}, {"model": "admin.logentry", "pk": 36, "fields": {"action_time": "2025-11-20T08:35:13.840Z", "user": 1, "content_type": 10, "object_id": "49", "object_repr": "CartItem object (49)", "action_flag": 3, "change_message": ""}}, {"model": "admin.logentry", "pk": 37, "fields": {"action_time": "2025-11-20T08:35:13.840Z", "user": 1, "content_type": 10, "object_id": "48", "object_repr": "CartItem object (48)", "action_flag": 3, "change_message": ""}}, {"model": "admin.logentry", "pk": 38, "fields": {"action_time": "2025-11-20T08:35:13.840Z", "user": 1, "content_type": 10, "object_id": "47", "object_repr": "CartItem object (47)", "action_flag": 3, "change_message": ""}}, {"model": "admin.logentry", "pk": 39, "fields": {"action_time": "2025-11-20T08:35:13.840Z", "user": 1, "content_type": 10, "object_id": "20", "object_repr": "CartItem object (20)", "action_flag": 3, "change_message": ""}}, {"model": "admin.logentry", "pk": 40, "fields": {"action_time": "2025-11-20T08:35:13.840Z", "user": 1, "content_type": 10, "object_id": "19", "object_repr": "CartItem object (19)", "action_flag": 3, "change_message": ""}}, {"model": "admin.logentry", "pk": 41, "fields": {"action_time": "2025-11-20T08:35:13.840Z", "user": 1, "content_type": 10, "object_id": "15", "object_repr": "CartItem object (15)", "action_flag": 3, "change_message": ""}}, {"model": "admin.logentry", "pk": 42, "fields": {"action_time": "2025-11-20T08:35:13.840Z", "user": 1, "content_type": 10, "object_id": "14", "object_repr": "CartItem object (14)", "action_flag": 3, "change_message": ""}}, {"model": "admin.logentry", "pk": 43, "fields": {"action_time": "2025-11-20T08:37:34.151Z", "user": 1, "content_type": 10, "object_id": "51", "object_repr": "CartItem object (51)", "action_flag": 3, "change_message": ""}}, {"model": "admin.logentry", "pk": 44, "fields": {"action_time": "2025-11-20T08:38:17.619Z", "user": 1, "content_type": 10, "object_id": "52", "object_repr": "CartItem object (52)", "action_flag": 3, "change_message": ""}}, {"model": "admin.logentry", "pk": 45, "fields": {"action_time": "2025-11-20T08:39:38.615Z", "user": 1, "content_type": 10, "object_id": "54", "object_repr": "CartItem object (54)", "action_flag": 3, "change_message": ""}}, {"model": "admin.logentry", "pk": 46, "fields": {"action_time": "2025-11-20T08:39:38.615Z", "user": 1, "content_type": 10, "object_id": "53", "object_repr": "CartItem object (53)", "action_flag": 3, "change_message": ""}}, {"model": "admin.logentry", "pk": 47, "fields": {"action_time": "2025-11-20T08:40:31.032Z", "user": 1, "content_type": 10, "object_id": "55", "object_repr": "CartItem object (55)", "action_flag": 3, "change_message": ""}}, {"model": "admin.logentry", "pk": 48, "fields": {"action_time": "2025-11-20T09:35:28.391Z", "user": 1, "content_type": 10, "object_id": "60", "object_repr": "CartItem object (60)", "action_flag": 3, "change_message": ""}}, {"model": "admin.logentry", "pk": 49, "fields": {"action_time": "2025-11-20T09:35:28.391Z", "user": 1, "content_type": 10, "object_id": "59", "object_repr": "CartItem object (59)", "action_flag": 3, "change_message": ""}}, {"model": "admin.logentry", "pk": 50, "fields": {"action_time": "2025-11-20T09:35:28.391Z", "user": 1, "content_type": 10, "object_id": "58", "object_repr": "CartItem object (58)", "action_flag": 3, "change_message": ""}}, {"model": "admin.logentry", "pk": 51, "fields": {"action_time": "2025-11-20T09:35:28.391Z", "user": 1, "content_type": 10, "object_id": "56", "object_repr": "CartItem object (56)", "action_flag": 3, "change_message": ""}}, {"model": "admin.logentry", "pk": 52, "fields": {"action_time": "2025-11-20T09:46:38.642Z", "user": 1, "content_type": 9, "object_id": "17", "object_repr": "7591rgykjw5w6x1c0s7cd10dt7p9j5sw", "action_flag": 3, "change_message": ""}}, {"model": "admin.logentry", "pk": 53, "fields": {"action_time": "2025-11-20T09:46:38.642Z", "user": 1, "content_type": 9, "object_id": "16", "object_repr": "yw2dgfjwp0m5drqp0qham29x8lvxgr5w", "action_flag": 3, "change_message": ""}}, {"model": "admin.logentry", "pk": 54, "fields": {"action_time": "2025-11-20T09:46:38.642Z", "user": 1, "content_type": 9, "object_id": "15", "object_repr": "tvtzedv5h9pyfeatr4619u8sft9h2ay9", "action_flag": 3, "change_message": ""}}, {"model": "admin.logentry", "pk": 55, "fields": {"action_time": "2025-11-20T09:46:38.642Z", "user": 1, "content_type": 9, "object_id": "14", "object_repr": "k7zdsvx9gnhg2eh9zngqmhtbsykrqpfl", "action_flag": 3, "change_message": ""}}, {"model": "admin.logentry", "pk": 56, "fields": {"action_time": "2025-11-20T09:46:38.642Z", "user": 1, "content_type": 9, "object_id": "13", "object_repr": "edptdhwamq9ly5pshrvuxm37cxtihmbj", "action_flag": 3, "change_message": ""}}, {"model": "admin.logentry", "pk": 57, "fields": {"action_time": "2025-11-20T09:46:38.642Z", "user": 1, "content_type": 9, "object_id": "12", "object_repr": "bznd6iz7f7n86o235maybxkwbj7jnw5a", "action_flag": 3, "change_message": ""}}, {"model": "admin.logentry", "pk": 58, "fields": {"action_time": "2025-11-20T09:46:38.642Z", "user": 1, "content_type": 9, "object_id": "11", "object_repr": "7zji54vt9zmernrwwjj57iwbveg8jwr1", "action_flag": 3, "change_message": ""}}, {"model": "admin.logentry", "pk": 59, "fields": {"action_time": "2025-11-20T09:46:38.642Z", "user": 1, "content_type": 9, "object_id": "10", "object_repr": "x6m78erxyiraq59tf95a673x2n7c695k", "action_flag": 3, "change_message": ""}}, {"model": "admin.logentry", "pk": 60, "fields": {"action_time": "2025-11-20T09:46:38.642Z", "user": 1, "content_type": 9, "object_id": "9", "object_repr": "apcabnjzxba8m3r76v9edjuopidvhua5", "action_flag": 3, "change_message": ""}}, {"model": "admin.logentry", "pk": 61, "fields": {"action_time": "2025-11-20T09:46:38.642Z", "user": 1, "content_type": 9, "object_id": "8", "object_repr": "zz808g6uoyd1ep6s283wzx9g5o4oqd3m", "action_flag": 3, "change_message": ""}}, {"model": "admin.logentry", "pk": 62, "fields": {"action_time": "2025-11-20T09:46:38.642Z", "user": 1, "content_type": 9, "object_id": "7", "object_repr": "45p7zmxq8knvgt55xoqxh2p6pibnqo95", "action_flag": 3, "change_message": ""}}, {"model": "admin.logentry", "pk": 63, "fields": {"action_time": "2025-11-20T09:46:38.642Z", "user": 1, "content_type": 9, "object_id": "6", "object_repr": "b45c4i7j3nvpb9h1gpn4nzaemnxjs2oi", "action_flag": 3, "change_message": ""}}, {"model": "admin.logentry", "pk": 64, "fields": {"action_time": "2025-11-20T09:46:38.642Z", "user": 1, "content_type": 9, "object_id": "5", "object_repr": "zjc746vkalbrezubsgo3l5m2ekncr3um", "action_flag": 3, "change_message": ""}}, {"model": "admin.logentry", "pk": 65, "fields": {"action_time": "2025-11-20T09:46:38.642Z", "user": 1, "content_type": 9, "object_id": "4", "object_repr": "dzdk0smsjvny6fg9jwn4ii93kk0rjlie", "action_flag": 3, "change_message": ""}}, {"model": "admin.logentry", "pk": 66, "fields": {"action_time": "2025-11-20T09:46:38.642Z", "user": 1, "content_type": 9, "object_id": "3", "object_repr": "jsg6i1zrkwg9c4frcjlcesog8uypo1qn", "action_flag": 3, "change_message": ""}}, {"model": "admin.logentry", "pk": 67, "fields": {"action_time": "2025-11-20T09:46:38.642Z", "user": 1, "content_type": 9, "object_id": "2", "object_repr": "hu37eh4j24idy7b3ypc5ov7q8fp4h5zh", "action_flag": 3, "change_message": ""}}, {"model": "admin.logentry", "pk": 68, "fields": {"action_time": "2025-11-20T09:46:38.642Z", "user": 1, "content_type": 9, "object_id": "1", "object_repr": "50e83ydar2sijz2g82zh4joz1rlhd5qv", "action_flag": 3, "change_message": ""}}, {"model": "admin.logentry", "pk": 69, "fields": {"action_time": "2025-11-20T09:51:19.412Z", "user": 1, "content_type": 9, "object_id": "18", "object_repr": "nqn2suf32qu0x1ns3ps3f8zj6lks35yr", "action_flag": 3, "change_message": ""}}, {"model": "admin.logentry", "pk": 70, "fields": {"action_time": "2025-11-20T13:21:49.370Z", "user": 1, "content_type": 9, "object_id": "20", "object_repr": "53q1lhda7af770uz38ufk6p4zio52teu", "action_flag": 3, "change_message": ""}}, {"model": "admin.logentry", "pk": 71, "fields": {"action_time": "2025-11-20T13:21:49.370Z", "user": 1, "content_type": 9, "object_id": "19", "object_repr": "4a2ti46vsemowwa7f0swajx2eyv8cc8x", "action_flag": 3, "change_message": ""}}, {"model": "admin.logentry", "pk": 72, "fields": {"action_time": "2025-11-20T13:27:05.868Z", "user": 1, "content_type": 9, "object_id": "22", "object_repr": "dn64sjy0vcde6v8d0tqqw8m7w52konda", "action_flag": 3, "change_message": ""}}, {"model": "admin.logentry", "pk": 73, "fields": {"action_time": "2025-11-20T13:27:05.868Z", "user": 1, "content_type": 9, "object_id": "21", "object_repr": "b81x9m1d42eltawat650mpmz0ll7sw7v", "action_flag": 3, "change_message": ""}}, {"model": "admin.logentry", "pk": 74, "fields": {"action_time": "2025-11-20T13:29:57.685Z", "user": 1, "content_type": 9, "object_id": "24", "object_repr": "hylqqpwfzptt6uzxwxh4i126ohbv5b20", "action_flag": 3, "change_message": ""}}, {"model": "admin.logentry", "pk": 75, "fields": {"action_time": "2025-11-20T13:29:57.685Z", "user": 1, "content_type": 9, "object_id": "23", "object_repr": "a6x02wsnox0knkg711gztzo89ytjk1uq", "action_flag": 3, "change_message": ""}}, {"model": "admin.logentry", "pk": 76, "fields": {"action_time": "2025-11-20T13:57:29.545Z", "user": 1, "content_type": 9, "object_id": "26", "object_repr": "bndcaup2xydvmhzoaurmove24r8zqa4p", "action_flag": 3, "change_message": ""}}, {"model": "admin.logentry", "pk": 77, "fields": {"action_time": "2025-11-20T13:57:29.545Z", "user": 1, "content_type": 9, "object_id": "25", "object_repr": "v0c88ya2m1f1w6dzm143an143a46li12", "action_flag": 3, "change_message": ""}}, {"model": "admin.logentry", "pk": 78, "fields": {"action_time": "2025-11-20T14:04:20.009Z", "user": 1, "content_type": 9, "object_id": "27", "object_repr": "5qs2g594vjvbsgifoxf4rhr7uprsjfy6", "action_flag": 3, "change_message": ""}}, {"model": "admin.logentry", "pk": 79, "fields": {"action_time": "2025-11-20T14:04:29.213Z", "user": 1, "content_type": 10, "object_id": "83", "object_repr": "CartItem object (83)", "action_flag": 3, "change_message": ""}}, {"model": "admin.logentry", "pk": 80, "fields": {"action_time": "2025-11-20T14:04:29.213Z", "user": 1, "content_type": 10, "object_id": "82", "object_repr": "CartItem object (82)", "action_flag": 3, "change_message": ""}}, {"model": "admin.logentry", "pk": 81, "fields": {"action_time": "2025-11-20T14:12:10.915Z", "user": 1, "content_type": 9, "object_id": "28", "object_repr": "ue5lihgbfb9r82hzwr815y2yrg344mld", "action_flag": 3, "change_message": ""}}, {"model": "admin.logentry", "pk": 82, "fields": {"action_time": "2025-11-20T14:12:17.522Z", "user": 1, "content_type": 10, "object_id": "85", "object_repr": "CartItem object (85)", "action_flag": 3, "change_message": ""}}, {"model": "admin.logentry", "pk": 83, "fields": {"action_time": "2025-11-20T14:13:28.418Z", "user": 1, "content_type": 9, "object_id": "29", "object_repr": "tjjyg2k3tsorn11w14g87e8bnuppcrnl", "action_flag": 3, "change_message": ""}}, {"model": "admin.logentry", "pk": 84, "fields": {"action_time": "2025-11-20T15:33:42.885Z", "user": 1, "content_type": 9, "object_id": "31", "object_repr": "ryosyc7yjdhokbrzuajjegeeawnzsz54", "action_flag": 3, "change_message": ""}}, {"model": "admin.logentry", "pk": 85, "fields": {"action_time": "2025-11-20T15:33:42.885Z", "user": 1, "content_type": 9, "object_id": "30", "object_repr": "2n3ppcy0uhjc6tpmcicolnshlg7p6rqi", "action_flag": 3, "change_message": ""}}, {"model": "admin.logentry", "pk": 86, "fields": {"action_time": "2025-11-20T15:33:50.033Z", "user": 1, "content_type": 10, "object_id": "89", "object_repr": "CartItem object (89)", "action_flag": 3, "change_message": ""}}, {"model": "admin.logentry", "pk": 87, "fields": {"action_time": "2025-11-20T15:33:50.033Z", "user": 1, "content_type": 10, "object_id": "88", "object_repr": "CartItem object (88)", "action_flag": 3, "change_message": ""}}, {"model": "admin.logentry", "pk": 88, "fields": {"action_time": "2025-11-25T14:07:41.441Z", "user": 1, "content_type": 14, "object_id": "59", "object_repr": "Sagar", "action_flag": 3, "change_message": ""}}, {"model": "admin.logentry", "pk": 89, "fields": {"action_time": "2025-11-25T14:07:41.441Z", "user": 1, "content_type": 14, "object_id": "58", "object_repr": "sagar", "action_flag": 3, "change_message": ""}}, {"model": "admin.logentry", "pk": 90, "fields": {"action_time": "2025-11-25T14:07:41.441Z", "user": 1, "content_type": 14, "object_id": "57", "object_repr": "sagar", "action_flag": 3, "change_message": ""}}, {"model": "admin.logentry", "pk": 91, "fields": {"action_time": "2025-11-25T14:07:41.441Z", "user": 1, "content_type": 14, "object_id": "56", "object_repr": "sagar", "action_flag": 3, "change_message": ""}}, {"model": "admin.logentry", "pk": 92, "fields": {"action_time": "2025-11-25T14:07:41.441Z", "user": 1, "content_type": 14, "object_id": "55", "object_repr": "sagar", "action_flag": 3, "change_message": ""}}, {"model": "admin.logentry", "pk": 93, "fields": {"action_time": "2025-11-25T14:07:41.441Z", "user": 1, "content_type": 14, "object_id": "54", "object_repr": "sagar", "action_flag": 3, "change_message": ""}}, {"model": "admin.logentry", "pk": 94, "fields": {"action_time": "2025-11-25T14:07:41.441Z", "user": 1, "content_type": 14, "object_id": "53", "object_repr": "sagar", "action_flag": 3, "change_message": ""}}, {"model": "admin.logentry", "pk": 95, "fields": {"action_time": "2025-11-25T14:07:41.441Z", "user": 1, "content_type": 14, "object_id": "52", "object_repr": "sagar", "action_flag": 3, "change_message": ""}}, {"model": "admin.logentry", "pk": 96, "fields": {"action_time": "2025-11-25T14:07:41.441Z", "user": 1, "content_type": 14, "object_id": "51", "object_repr": "sagar", "action_flag": 3, "change_message": ""}}, {"model": "admin.logentry", "pk": 97, "fields": {"action_time": "2025-11-25T14:07:41.441Z", "user": 1, "content_type": 14, "object_id": "50", "object_repr": "sagar", "action_flag": 3, "change_message": ""}}, {"model": "admin.logentry", "pk": 98, "fields": {"action_time": "2025-11-25T14:07:41.441Z", "user": 1, "content_type": 14, "object_id": "49", "object_repr": "sagar", "action_flag": 3, "change_message": ""}}, {"model": "admin.logentry", "pk": 99, "fields": {"action_time": "2025-11-25T14:07:41.441Z", "user": 1, "content_type": 14, "object_id": "48", "object_repr": "sagar", "action_flag": 3, "change_message": ""}}, {"model": "admin.logentry", "pk": 100, "fields": {"action_time": "2025-11-25T14:07:41.441Z", "user": 1, "content_type": 14, "object_id": "47", "object_repr": "sagar", "action_flag": 3, "change_message": ""}}, {"model": "admin.logentry", "pk": 101, "fields": {"action_time": "2025-11-25T14:07:41.441Z", "user": 1, "content_type": 14, "object_id": "46", "object_repr": "sagar", "action_flag": 3, "change_message": ""}}, {"model": "admin.logentry", "pk": 102, "fields": {"action_time": "2025-11-25T14:07:41.441Z", "user": 1, "content_type": 14, "object_id": "45", "object_repr": "sagar", "action_flag": 3, "change_message": ""}}, {"model": "admin.logentry", "pk": 103, "fields": {"action_time": "2025-11-25T14:07:41.441Z", "user": 1, "content_type": 14, "object_id": "44", "object_repr": "sagar", "action_flag": 3, "change_message": ""}}, {"model": "admin.logentry", "pk": 104, "fields": {"action_time": "2025-11-25T14:07:41.441Z", "user": 1, "content_type": 14, "object_id": "43", "object_repr": "sagar", "action_flag": 3, "change_message": ""}}, {"model": "admin.logentry", "pk": 105, "fields": {"action_time": "2025-11-25T14:07:41.441Z", "user": 1, "content_type": 14, "object_id": "42", "object_repr": "sagar", "action_flag": 3, "change_message": ""}}, {"model": "admin.logentry", "pk": 106, "fields": {"action_time": "2025-11-25T14:07:41.441Z", "user": 1, "content_type": 14, "object_id": "41", "object_repr": "sagar", "action_flag": 3, "change_message": ""}}, {"model": "admin.logentry", "pk": 107, "fields": {"action_time": "2025-11-25T14:07:41.441Z", "user": 1, "content_type": 14, "object_id": "40", "object_repr": "sagar", "action_flag": 3, "change_message": ""}}, {"model": "admin.logentry", "pk": 108, "fields": {"action_time": "2025-11-25T14:25:19.709Z", "user": 1, "content_type": 14, "object_id": "60", "object_repr": "sagar", "action_flag": 3, "change_message": ""}}, {"model": "admin.logentry", "pk": 109, "fields": {"action_time": "2025-11-25T14:25:31.573Z", "user": 1, "content_type": 15, "object_id": "1", "object_repr": "test review", "action_flag": 3, "change_message": ""}}, {"model": "admin.logentry", "pk": 110, "fields": {"action_time": "2025-11-25T15:15:57.197Z", "user": 1, "content_type": 15, "object_id": "3", "object_repr": "test review", "action_flag": 1, "change_message": "[{\"added\": {}}]"}}, {"model": "admin.logentry", "pk": 111, "fields": {"action_time": "2025-11-25T15:26:36.383Z", "user": 1, "content_type": 15, "object_id": "2", "object_repr": "Best Jeans", "action_flag": 2, "change_message": "[{\"changed\": {\"fields\": [\"Rating\"]}}]"}}, {"model": "admin.logentry", "pk": 112, "fields": {"action_time": "2025-11-25T15:41:52.630Z", "user": 1, "content_type": 15, "object_id": "3", "object_repr": "test review", "action_flag": 2, "change_message": "[{\"changed\": {\"fields\": [\"Rating\"]}}]"}}, {"model": "admin.logentry", "pk": 113, "fields": {"action_time": "2025-11-25T15:50:27.512Z", "user": 1, "content_type": 15, "object_id": "3", "object_repr": "test review", "action_flag": 2, "change_message": "[{\"changed\": {\"fields\": [\"Rating\"]}}]"}}, {"model": "admin.logentry", "pk": 114, "fields": {"action_time": "2025-11-25T17:07:48.775Z", "user": 1, "content_type": 15, "object_id": "2", "object_repr": "Best Jeans", "action_flag": 2, "change_message": "[{\"changed\": {\"fields\": [\"Rating\"]}}]"}}, {"model": "admin.logentry", "pk": 115, "fields": {"action_time": "2025-11-25T17:17:09.266Z", "user": 1, "content_type": 15, "object_id": "4", "object_repr": "Cheap and Best", "action_flag": 1, "change_message": "[{\"added\": {}}]"}}, {"model": "admin.logentry", "pk": 116, "fields": {"action_time": "2025-11-25T17:18:29.223Z", "user": 1, "content_type": 15, "object_id": "3", "object_repr": "test review", "action_flag": 2, "change_message": "[{\"changed\": {\"fields\": [\"User\"]}}]"}}, {"model": "admin.logentry", "pk": 117, "fields": {"action_time": "2025-11-25T17:19:00.267Z", "user": 1, "content_type": 15, "object_id": "4", "object_repr": "Cheap and Best", "action_flag": 2, "change_message": "[{\"changed\": {\"fields\": [\"Ip\"]}}]"}}, {"model": "admin.logentry", "pk": 118, "fields": {"action_time": "2025-11-25T17:19:27.236Z", "user": 1, "content_type": 15, "object_id": "2", "object_repr": "Best Jeans", "action_flag": 2, "change_message": "[{\"changed\": {\"fields\": [\"Rating\"]}}]"}}, {"model": "admin.logentry", "pk": 119, "fields": {"action_time": "2025-11-25T17:21:02.264Z", "user": 1, "content_type": 15, "object_id": "3", "object_repr": "test review", "action_flag": 2, "change_message": "[{\"changed\": {\"fields\": [\"Rating\"]}}]"}}, {"model": "admin.logentry", "pk": 120, "fields": {"action_time": "2025-11-25T17:27:49.389Z", "user": 1, "content_type": 15, "object_id": "3", "object_repr": "test review", "action_flag": 2, "change_message": "[{\"changed\": {\"fields\": [\"Rating\"]}}]"}}, {"model": "admin.logentry", "pk": 121, "fields": {"action_time": "2025-11-25T17:28:04.570Z", "user": 1, "content_type": 15, "object_id": "2", "object_repr": "Best Jeans", "action_flag": 2, "change_message": "[{\"changed\": {\"fields\": [\"Rating\"]}}]"}}, {"model": "admin.logentry", "pk": 122, "fields": {"action_time": "2025-11-26T04:42:17.100Z", "user": 1, "content_type": 7, "object_id": "1", "object_repr": "sagarcreane@gmail.com", "action_flag": 2, "change_message": "[{\"changed\": {\"fields\": [\"Phone number\"]}}]"}}, {"model": "admin.logentry", "pk": 123, "fields": {"action_time": "2025-11-26T14:38:46.734Z", "user": 1, "content_type": 16, "object_id": "1", "object_repr": "Sunita", "action_flag": 1, "change_message": "[{\"added\": {}}]"}}, {"model": "admin.logentry", "pk": 124, "fields": {"action_time": "2025-11-26T16:54:50.958Z", "user": 1, "content_type": 16, "object_id": "1", "object_repr": "Sagar", "action_flag": 2, "change_message": "[{\"changed\": {\"fields\": [\"User\"]}}]"}}, {"model": "admin.logentry", "pk": 125, "fields": {"action_time": "2025-11-27T07:53:28.324Z", "user": 1, "content_type": 8, "object_id": "1", "object_repr": "ATX-Jeans", "action_flag": 2, "change_message": "[{\"added\": {\"name\": \"productgallery\", \"object\": \"ATX-Jeans\"}}, {\"added\": {\"name\": \"productgallery\", \"object\": \"ATX-Jeans\"}}]"}}, {"model": "admin.logentry", "pk": 126, "fields": {"action_time": "2025-11-27T07:54:19.912Z", "user": 1, "content_type": 8, "object_id": "1", "object_repr": "ATX-Jeans", "action_flag": 2, "change_message": "[{\"added\": {\"name\": \"productgallery\", \"object\": \"ATX-Jeans\"}}]"}}, {"model": "admin.logentry", "pk": 127, "fields": {"action_time": "2025-12-01T09:17:31.408Z", "user": 1, "content_type": 15, "object_id": "3", "object_repr": "test review", "action_flag": 3, "change_message": ""}}, {"model": "admin.logentry", "pk": 128, "fields": {"action_time": "2025-12-01T09:17:36.991Z", "user": 1, "content_type": 15, "object_id": "2", "object_repr": "Best Jeans", "action_flag": 3, "change_message": ""}}, {"model": "admin.logentry", "pk": 129, "fields": {"action_time": "2025-12-03T13:12:25.355Z", "user": 1, "content_type": 7, "object_id": "18", "object_repr": "sunitasinha.tiny@gmail.com", "action_flag": 3, "change_message": ""}}, {"model": "admin.logentry", "pk": 130, "fields": {"action_time": "2025-12-03T13:32:18.701Z", "user": 1, "content_type": 12, "object_id": "31", "object_repr": "ATX-Jeans", "action_flag": 3, "change_message": ""}}, {"model": "admin.logentry", "pk": 131, "fields": {"action_time": "2025-12-03T13:32:18.701Z", "user": 1, "content_type": 12, "object_id": "30", "object_repr": "ATX-Jeans", "action_flag": 3, "change_message": ""}}, {"model": "admin.logentry", "pk": 132, "fields": {"action_time": "2025-12-03T13:32:18.701Z", "user": 1, "content_type": 12, "object_id": "29", "object_repr": "ATX-Jeans", "action_flag": 3, "change_message": ""}}, {"model": "admin.logentry", "pk": 133, "fields": {"action_time": "2025-12-03T13:34:10.553Z", "user": 1, "content_type": 14, "object_id": "62", "object_repr": "Sagar", "action_flag": 3, "change_message": ""}}, {"model": "admin.logentry", "pk": 134, "fields": {"action_time": "2025-12-03T13:34:10.553Z", "user": 1, "content_type": 14, "object_id": "61", "object_repr": "sagar", "action_flag": 3, "change_message": ""}}, {"model": "admin.logentry", "pk": 135, "fields": {"action_time": "2025-12-03T13:34:10.553Z", "user": 1, "content_type": 14, "object_id": "39", "object_repr": "sagar", "action_flag": 3, "change_message": ""}}, {"model": "admin.logentry", "pk": 136, "fields": {"action_time": "2025-12-03T13:34:10.553Z", "user": 1, "content_type": 14, "object_id": "38", "object_repr": "sagar", "action_flag": 3, "change_message": ""}}, {"model": "admin.logentry", "pk": 137, "fields": {"action_time": "2025-12-03T13:34:10.553Z", "user": 1, "content_type": 14, "object_id": "37", "object_repr": "sagar", "action_flag": 3, "change_message": ""}}, {"model": "admin.logentry", "pk": 138, "fields": {"action_time": "2025-12-03T13:34:10.553Z", "user": 1, "content_type": 14, "object_id": "36", "object_repr": "sagar", "action_flag": 3, "change_message": ""}}, {"model": "admin.logentry", "pk": 139, "fields": {"action_time": "2025-12-03T13:34:10.553Z", "user": 1, "content_type": 14, "object_id": "35", "object_repr": "sagar", "action_flag": 3, "change_message": ""}}, {"model": "admin.logentry", "pk": 140, "fields": {"action_time": "2025-12-03T13:34:10.553Z", "user": 1, "content_type": 14, "object_id": "34", "object_repr": "sagar", "action_flag": 3, "change_message": ""}}, {"model": "admin.logentry", "pk": 141, "fields": {"action_time": "2025-12-03T13:34:10.553Z", "user": 1, "content_type": 14, "object_id": "33", "object_repr": "sagar", "action_flag": 3, "change_message": ""}}, {"model": "admin.logentry", "pk": 142, "fields": {"action_time": "2025-12-03T13:34:10.553Z", "user": 1, "content_type": 14, "object_id": "32", "object_repr": "sagar", "action_flag": 3, "change_message": ""}}, {"model": "admin.logentry", "pk": 143, "fields": {"action_time": "2025-12-03T13:34:10.553Z", "user": 1, "content_type": 14, "object_id": "31", "object_repr": "sagar", "action_flag": 3, "change_message": ""}}, {"model": "admin.logentry", "pk": 144, "fields": {"action_time": "2025-12-03T13:34:10.553Z", "user": 1, "content_type": 14, "object_id": "30", "object_repr": "sagar", "action_flag": 3, "change_message": ""}}, {"model": "admin.logentry", "pk": 145, "fields": {"action_time": "2025-12-03T13:34:10.553Z", "user": 1, "content_type": 14, "object_id": "29", "object_repr": "sagar", "action_flag": 3, "change_message": ""}}, {"model": "admin.logentry", "pk": 146, "fields": {"action_time": "2025-12-03T13:34:10.553Z", "user": 1, "content_type": 14, "object_id": "28", "object_repr": "sagar", "action_flag": 3, "change_message": ""}}, {"model": "admin.logentry", "pk": 147, "fields": {"action_time": "2025-12-03T13:34:10.553Z", "user": 1, "content_type": 14, "object_id": "27", "object_repr": "sagar", "action_flag": 3, "change_message": ""}}, {"model": "admin.logentry", "pk": 148, "fields": {"action_time": "2025-12-03T13:34:10.553Z", "user": 1, "content_type": 14, "object_id": "26", "object_repr": "sagar", "action_flag": 3, "change_message": ""}}, {"model": "admin.logentry", "pk": 149, "fields": {"action_time": "2025-12-03T13:34:10.553Z", "user": 1, "content_type": 14, "object_id": "25", "object_repr": "sagar", "action_flag": 3, "change_message": ""}}, {"model": "admin.logentry", "pk": 150, "fields": {"action_time": "2025-12-03T13:34:10.553Z", "user": 1, "content_type": 14, "object_id": "24", "object_repr": "sagar", "action_flag": 3, "change_message": ""}}, {"model": "admin.logentry", "pk": 151, "fields": {"action_time": "2025-12-03T13:34:10.553Z", "user": 1, "content_type": 14, "object_id": "23", "object_repr": "sagar", "action_flag": 3, "change_message": ""}}, {"model": "admin.logentry", "pk": 152, "fields": {"action_time": "2025-12-03T13:34:10.553Z", "user": 1, "content_type": 14, "object_id": "22", "object_repr": "sagar", "action_flag": 3, "change_message": ""}}, {"model": "admin.logentry", "pk": 153, "fields": {"action_time": "2025-12-03T13:34:17.081Z", "user": 1, "content_type": 13, "object_id": "16", "object_repr": "70N27458TH6553302", "action_flag": 3, "change_message": ""}}, {"model": "admin.logentry", "pk": 154, "fields": {"action_time": "2025-12-03T13:34:17.081Z", "user": 1, "content_type": 13, "object_id": "15", "object_repr": "4F789886AC208824Y", "action_flag": 3, "change_message": ""}}, {"model": "admin.logentry", "pk": 155, "fields": {"action_time": "2025-12-03T13:34:17.081Z", "user": 1, "content_type": 13, "object_id": "14", "object_repr": "8HK79608HT714871S", "action_flag": 3, "change_message": ""}}, {"model": "admin.logentry", "pk": 156, "fields": {"action_time": "2025-12-03T13:34:17.081Z", "user": 1, "content_type": 13, "object_id": "13", "object_repr": "0J558010KS430164N", "action_flag": 3, "change_message": ""}}, {"model": "admin.logentry", "pk": 157, "fields": {"action_time": "2025-12-03T13:34:17.081Z", "user": 1, "content_type": 13, "object_id": "12", "object_repr": "6682170641331401V", "action_flag": 3, "change_message": ""}}, {"model": "admin.logentry", "pk": 158, "fields": {"action_time": "2025-12-03T13:34:17.081Z", "user": 1, "content_type": 13, "object_id": "11", "object_repr": "55V73394P19511715", "action_flag": 3, "change_message": ""}}, {"model": "admin.logentry", "pk": 159, "fields": {"action_time": "2025-12-03T13:34:17.081Z", "user": 1, "content_type": 13, "object_id": "10", "object_repr": "8JB68288X7950930L", "action_flag": 3, "change_message": ""}}, {"model": "admin.logentry", "pk": 160, "fields": {"action_time": "2025-12-03T13:34:17.081Z", "user": 1, "content_type": 13, "object_id": "9", "object_repr": "54B1463028435850B", "action_flag": 3, "change_message": ""}}, {"model": "admin.logentry", "pk": 161, "fields": {"action_time": "2025-12-03T13:34:17.081Z", "user": 1, "content_type": 13, "object_id": "8", "object_repr": "4XC52573WA374802S", "action_flag": 3, "change_message": ""}}, {"model": "admin.logentry", "pk": 162, "fields": {"action_time": "2025-12-03T13:34:17.081Z", "user": 1, "content_type": 13, "object_id": "7", "object_repr": "1JE64947FL977602A", "action_flag": 3, "change_message": ""}}, {"model": "admin.logentry", "pk": 163, "fields": {"action_time": "2025-12-03T13:34:17.081Z", "user": 1, "content_type": 13, "object_id": "6", "object_repr": "3RJ21969J33824435", "action_flag": 3, "change_message": ""}}, {"model": "admin.logentry", "pk": 164, "fields": {"action_time": "2025-12-03T13:34:17.081Z", "user": 1, "content_type": 13, "object_id": "5", "object_repr": "5H895453V0097434Y", "action_flag": 3, "change_message": ""}}, {"model": "admin.logentry", "pk": 165, "fields": {"action_time": "2025-12-03T13:34:17.081Z", "user": 1, "content_type": 13, "object_id": "4", "object_repr": "2HY375045C591915B", "action_flag": 3, "change_message": ""}}, {"model": "admin.logentry", "pk": 166, "fields": {"action_time": "2025-12-03T13:34:17.081Z", "user": 1, "content_type": 13, "object_id": "3", "object_repr": "05X01422J6886003P", "action_flag": 3, "change_message": ""}}, {"model": "admin.logentry", "pk": 167, "fields": {"action_time": "2025-12-03T13:34:17.081Z", "user": 1, "content_type": 13, "object_id": "2", "object_repr": "4TH12652R6570863G", "action_flag": 3, "change_message": ""}}, {"model": "admin.logentry", "pk": 168, "fields": {"action_time": "2025-12-03T13:34:17.081Z", "user": 1, "content_type": 13, "object_id": "1", "object_repr": "84T19107E0251361P", "action_flag": 3, "change_message": ""}}, {"model": "admin.logentry", "pk": 169, "fields": {"action_time": "2025-12-03T13:34:45.449Z", "user": 1, "content_type": 14, "object_id": "21", "object_repr": "sagar", "action_flag": 3, "change_message": ""}}, {"model": "admin.logentry", "pk": 170, "fields": {"action_time": "2025-12-03T13:34:45.449Z", "user": 1, "content_type": 14, "object_id": "20", "object_repr": "sagar", "action_flag": 3, "change_message": ""}}, {"model": "admin.logentry", "pk": 171, "fields": {"action_time": "2025-12-03T13:34:45.449Z", "user": 1, "content_type": 14, "object_id": "19", "object_repr": "Sagar", "action_flag": 3, "change_message": ""}}, {"model": "admin.logentry", "pk": 172, "fields": {"action_time": "2025-12-03T13:34:45.449Z", "user": 1, "content_type": 14, "object_id": "18", "object_repr": "Sagar", "action_flag": 3, "change_message": ""}}, {"model": "admin.logentry", "pk": 173, "fields": {"action_time": "2025-12-03T13:34:45.449Z", "user": 1, "content_type": 14, "object_id": "17", "object_repr": "Sagar", "action_flag": 3, "change_message": ""}}, {"model": "admin.logentry", "pk": 174, "fields": {"action_time": "2025-12-03T13:34:45.449Z", "user": 1, "content_type": 14, "object_id": "16", "object_repr": "Sagar", "action_flag": 3, "change_message": ""}}, {"model": "admin.logentry", "pk": 175, "fields": {"action_time": "2025-12-03T13:34:45.449Z", "user": 1, "content_type": 14, "object_id": "15", "object_repr": "Sagar", "action_flag": 3, "change_message": ""}}, {"model": "admin.logentry", "pk": 176, "fields": {"action_time": "2025-12-03T13:34:45.449Z", "user": 1, "content_type": 14, "object_id": "14", "object_repr": "Sagar", "action_flag": 3, "change_message": ""}}, {"model": "admin.logentry", "pk": 177, "fields": {"action_time": "2025-12-03T13:34:45.449Z", "user": 1, "content_type": 14, "object_id": "13", "object_repr": "Sagar", "action_flag": 3, "change_message": ""}}, {"model": "admin.logentry", "pk": 178, "fields": {"action_time": "2025-12-03T13:34:45.449Z", "user": 1, "content_type": 14, "object_id": "12", "object_repr": "Sagar", "action_flag": 3, "change_message": ""}}, {"model": "admin.logentry", "pk": 179, "fields": {"action_time": "2025-12-03T13:34:45.449Z", "user": 1, "content_type": 14, "object_id": "11", "object_repr": "Sagar", "action_flag": 3, "change_message": ""}}, {"model": "admin.logentry", "pk": 180, "fields": {"action_time": "2025-12-03T13:34:45.449Z", "user": 1, "content_type": 14, "object_id": "10", "object_repr": "Sagar", "action_flag": 3, "change_message": ""}}, {"model": "admin.logentry", "pk": 181, "fields": {"action_time": "2025-12-03T13:34:45.449Z", "user": 1, "content_type": 14, "object_id": "9", "object_repr": "Sagar", "action_flag": 3, "change_message": ""}}, {"model": "admin.logentry", "pk": 182, "fields": {"action_time": "2025-12-03T13:34:45.449Z", "user": 1, "content_type": 14, "object_id": "8", "object_repr": "Sagar", "action_flag": 3, "change_message": ""}}, {"model": "admin.logentry", "pk": 183, "fields": {"action_time": "2025-12-03T13:34:45.449Z", "user": 1, "content_type": 14, "object_id": "7", "object_repr": "Sagar", "action_flag": 3, "change_message": ""}}, {"model": "admin.logentry", "pk": 184, "fields": {"action_time": "2025-12-03T13:34:45.449Z", "user": 1, "content_type": 14, "object_id": "6", "object_repr": "sagar", "action_flag": 3, "change_message": ""}}, {"model": "admin.logentry", "pk": 185, "fields": {"action_time": "2025-12-03T13:34:45.449Z", "user": 1, "content_type": 14, "object_id": "5", "object_repr": "sagar", "action_flag": 3, "change_message": ""}}, {"model": "admin.logentry", "pk": 186, "fields": {"action_time": "2025-12-03T13:34:45.449Z", "user": 1, "content_type": 14, "object_id": "4", "object_repr": "sagar", "action_flag": 3, "change_message": ""}}, {"model": "admin.logentry", "pk": 187, "fields": {"action_time": "2025-12-03T13:34:45.449Z", "user": 1, "content_type": 14, "object_id": "3", "object_repr": "sagar", "action_flag": 3, "change_message": ""}}, {"model": "admin.logentry", "pk": 188, "fields": {"action_time": "2025-12-03T13:34:45.449Z", "user": 1, "content_type": 14, "object_id": "2", "object_repr": "sagar", "action_flag": 3, "change_message": ""}}, {"model": "admin.logentry", "pk": 189, "fields": {"action_time": "2025-12-03T13:34:45.449Z", "user": 1, "content_type": 14, "object_id": "1", "object_repr": "sagar", "action_flag": 3, "change_message": ""}}, {"model": "admin.logentry", "pk": 190, "fields": {"action_time": "2025-12-03T13:36:45.475Z", "user": 1, "content_type": 15, "object_id": "4", "object_repr": "test 2", "action_flag": 3, "change_message": ""}}, {"model": "admin.logentry", "pk": 191, "fields": {"action_time": "2025-12-03T13:44:26.213Z", "user": 1, "content_type": 7, "object_id": "19", "object_repr": "sunitasinha.tiny@gmail.com", "action_flag": 3, "change_message": ""}}, {"model": "admin.logentry", "pk": 192, "fields": {"action_time": "2025-12-03T13:44:26.213Z", "user": 1, "content_type": 7, "object_id": "6", "object_repr": "vjraj456@gmail.com", "action_flag": 3, "change_message": ""}}, {"model": "admin.logentry", "pk": 193, "fields": {"action_time": "2025-12-03T13:44:26.213Z", "user": 1, "content_type": 7, "object_id": "3", "object_repr": "sagar12345@gmail.com", "action_flag": 3, "change_message": ""}}, {"model": "admin.logentry", "pk": 194, "fields": {"action_time": "2025-12-03T13:44:26.213Z", "user": 1, "content_type": 7, "object_id": "2", "object_repr": "sagar1234@gmail.com", "action_flag": 3, "change_message": ""}}, {"model": "sessions.session", "pk": "080nmfjfi9sdnjich36jbertdnl24siq", "fields": {"session_data": "e30:1vPCIr:NtQL3wil4_0od6IjyYFP0uxjfnvJs_a192aKJPugqtg", "expire_date": "2025-12-13T04:11:21.038Z"}}, {"model": "sessions.session", "pk": "3p0yq7725n27x3xu143njvc1r3mqxl7c", "fields": {"session_data": "eyJfc2Vzc2lvbl9pbml0X3RpbWVzdGFtcF8iOjE3NjQ3NjAwNTMuNjM0MTY2fQ:1vQkhp:f5S_6RtXgIM3cLO9KMn2wvsKv3rCsYMgC7RXdHDL2aE", "expire_date": "2025-12-17T11:07:33.637Z"}}, {"model": "sessions.session", "pk": "50e83ydar2sijz2g82zh4joz1rlhd5qv", "fields": {"session_data": ".eJxVjM0OwiAQhN-FsyGwyE89evcZyJZdpGogKe3J-O62SQ-auc33zbxFxHUpce08x4nERWhx-u1GTE-uO6AH1nuTqdVlnka5K_KgXd4a8et6uH8HBXvZ1sDJbUmAdkAbyDA7b00GyoFBBWuM115nbdEpBzmngQgDGOPgDKzE5wvs1Dek:1uuk2C:9I9SDEjubtWW3qUUiym2VtJaK0nztSaHRNqWRU6mX_E", "expire_date": "2025-09-20T03:56:16.828Z"}}, {"model": "sessions.session", "pk": "5j2ggdpnfeh82972hkk2dxoojmu3ix02", "fields": {"session_data": ".eJxVjLEOwyAQQ_-FuUKQEHJ07J5vQMdxKWkrkEIyVf33BilDO1n2s_0WHvct-b3y6pcorkKLy28WkJ6cG4gPzPciqeRtXYJsFXnSKqcS-XU7u38HCWtq6wgQjGNtFap5JtBAyqrR9Qb7AJEPgbHDoAdA0w2OLBMCRW17Ppz4fAHmeTgI:1vOdPO:o4NwAdiRvAas2aDLvWbXUr2LBXN74uDLm5Yaywh2xQA", "expire_date": "2025-12-11T14:55:46.612Z"}}, {"model": "sessions.session", "pk": "9trj11wxjhki4qalmho4pjhyg1scyz6a", "fields": {"session_data": "eyJfc2Vzc2lvbl9pbml0X3RpbWVzdGFtcF8iOjE3NjQ1ODA5NTMuNjYwNzU5fQ:1vQ077:VcHUxeSsD7-fA7B7RFiKpK24YyZSL-TZSReO2_XTqdI", "expire_date": "2025-12-15T09:22:33.692Z"}}, {"model": "sessions.session", "pk": "h2v91vpjnt7v7qbcurozotz5yhuajljy", "fields": {"session_data": "eyJfc2Vzc2lvbl9pbml0X3RpbWVzdGFtcF8iOjE3NjQ3NzM3MzAuNjk5OTI5fQ:1vQoGQ:87QIeBK2QgVU_Sla39wGmcl7JNDjUtO4pV8DGMHuylk", "expire_date": "2025-12-17T14:55:30.733Z"}}, {"model": "sessions.session", "pk": "lij1lni3p3nsd23ccq30yzifivkanno7", "fields": {"session_data": "e30:1vF7WR:4yiMfPM1zdk_P7rSf78Eb-l4Aq5DLsq9mBfwE279TgM", "expire_date": "2025-11-15T09:03:43.555Z"}}, {"model": "sessions.session", "pk": "ynx9ddsq8hwhuve2jm7qz2yikllx4d0m", "fields": {"session_data": ".eJxVjM0OwiAQhN-FsyGwyE89evcZyJZdpGogKe3J-O62SQ-auc33zbxFxHUpce08x4nERWhx-u1GTE-uO6AH1nuTqdVlnka5K_KgXd4a8et6uH8HBXvZ1sDJbUmAdkAbyDA7b00GyoFBBWuM115nbdEpBzmngQgDGOPgDKzE5wvs1Dek:1vM5I7:VflyPynsnGuonbHX6FNI-1MToWaE75bnggG6_1hfLu4", "expire_date": "2025-12-04T14:05:43.276Z"}}, {"model": "category.category", "pk": 1, "fields": {"category_name": "Shirts", "slug": "shirts", "description": "This is a demo shirt category.", "cat_image": "photos/category/shirts.jpg"}}, {"model": "category.category", "pk": 2, "fields": {"category_name": "Tshirt", "slug": "tshirt", "description": "This is a demo t shirt.", "cat_image": "photos/category/tshirts.jpg"}}, {"model": "category.category", "pk": 3, "fields": {"category_name": "Jeans", "slug": "jeans", "description": "This is a demo jeans.", "cat_image": "photos/category/jeans.jpg"}}, {"model": "category.category", "pk": 4, "fields": {"category_name": "Shoes", "slug": "shoes", "description": "This is a demo Shoes.", "cat_image": "photos/category/shoes.png"}}, {"model": "category.category", "pk": 5, "fields": {"category_name": "Jackets", "slug": "jackets", "description": "This is a demo Jacket.", "cat_image": "photos/category/jackets.jpg"}}, {"model": "accounts.account", "pk": 1, "fields": {"password": "pbkdf2_sha256$1000000$D6DlEmPF8KrzLx9xEPbxDu$FoG7lwW7PssE8gMaDUmz/4KNEJgjYd9wsYOPadIecCg=", "first_name": "Sagar", "last_name": "Singh", "username": "sagargreatkart", "email": "sagarcreane@gmail.com", "phone_number": "9122343444", "date_joined": "2025-09-05T14:17:57.823Z", "last_login": "2025-12-03T13:45:55.293Z", "is_admin": true, "is_staff": true, "is_active": true, "is_superadmin": true}}, {"model": "accounts.account", "pk": 20, "fields": {"password": "pbkdf2_sha256$1000000$Y4bDXv1fHspjyoyDEbF25T$8OlzsTejwTm1fGRQuDVNVZXZznpTi6pkhFLCyMOVi5k=", "first_name": "Sunita", "last_name": "Sinha", "username": "sunitasinha.tiny", "email": "sunitasinha.tiny@gmail.com", "phone_number": "434343434", "date_joined": "2025-12-03T13:47:07.099Z", "last_login": "2025-12-03T14:24:37.707Z", "is_admin": false, "is_staff": false, "is_active": true, "is_superadmin": false}}, {"model": "accounts.userprofile", "pk": 1, "fields": {"user": 1, "address_line_1": "Plot 483 c", "address_line_2": "Knowledge pw", "profile_picture": "userprofile/craiyon_105009_image.png", "city": "Greater Noida", "state": "Uttar Pradesh", "country": "India"}}, {"model": "accounts.userprofile", "pk": 4, "fields": {"user": 20, "address_line_1": "Kamlabhawan,rajendrapath,dhankutti", "address_line_2": "Near ramruchi girls high school", "profile_picture": "userprofile/craiyon_105009_image_a6T9zfy.png", "city": "Gaya", "state": "Bihar", "country": "India"}}, {"model": "store.product", "pk": 1, "fields": {"product_name": "ATX-Jeans", "slug": "atx-jeans", "description": "Our Iconic Mid Rise, Slim Fit Signature Brand Carrier Jeans Will Be Offered In A Medium Blue Distruction With Rip Repaired", "price": 199, "photos": "photos/products/ATX-Jeans.jpg", "stock": 75, "is_available": true, "category": 3, "created_date": "2025-09-06T07:44:31.270Z", "modified_date": "2025-12-03T14:21:04.578Z"}}, {"model": "store.product", "pk": 2, "fields": {"product_name": "Blue Shirt", "slug": "blue-shirt", "description": "This is an amazing blue shirt with prints.", "price": 99, "photos": "photos/products/Blue-Shirt.jpg", "stock": 65, "is_available": true, "category": 1, "created_date": "2025-09-06T07:47:43.058Z", "modified_date": "2025-09-06T07:47:43.058Z"}}, {"model": "store.product", "pk": 3, "fields": {"product_name": "Great-Tshirt", "slug": "great-tshirt", "description": "This is a very beautiful t- shirt.", "price": 145, "photos": "photos/products/Great-Tshirt.jpg", "stock": 0, "is_available": true, "category": 2, "created_date": "2025-09-06T09:59:57.172Z", "modified_date": "2025-09-08T03:33:30.773Z"}}, {"model": "store.product", "pk": 4, "fields": {"product_name": "Mavi_Jeans", "slug": "mavi_jeans", "description": "This a nice denim jeans from factory outlet.", "price": 245, "photos": "photos/products/Mavi_jeans.jpg", "stock": 150, "is_available": true, "category": 3, "created_date": "2025-09-06T10:00:48.399Z", "modified_date": "2025-09-06T10:00:48.399Z"}}, {"model": "store.product", "pk": 5, "fields": {"product_name": "US-Polo-Assn_Jacket", "slug": "us-polo-assn_jacket", "description": "This a solid leather puffed jacket.Perfect for hilly chills .", "price": 110, "photos": "photos/products/US-Polo-Assn_Jacket.jpg", "stock": 250, "is_available": true, "category": 5, "created_date": "2025-09-06T10:02:04.759Z", "modified_date": "2025-09-06T10:29:42.169Z"}}, {"model": "store.product", "pk": 6, "fields": {"product_name": "jordan-true-flight-basketball-shoes", "slug": "jordan-true-flight-basketball-shoes", "description": "This i replica of Mike Jordan playWell series. Softgel technology for long wearability.", "price": 300, "photos": "photos/products/jordan-true-flight-basketball-shoes.jpg", "stock": 50, "is_available": true, "category": 4, "created_date": "2025-09-06T10:03:21.009Z", "modified_date": "2025-09-06T10:03:21.009Z"}}, {"model": "store.product", "pk": 7, "fields": {"product_name": "jeans_solid", "slug": "jeans_solid", "description": "This a wrangler jeans.", "price": 120, "photos": "photos/products/image13.jpg", "stock": 100, "is_available": true, "category": 3, "created_date": "2025-09-06T10:04:26.075Z", "modified_date": "2025-09-06T10:04:26.075Z"}}, {"model": "store.product", "pk": 8, "fields": {"product_name": "Puma-Ferrari-Shoes", "slug": "puma-ferrari-shoes", "description": "This is a genuine Puma Sports shoes. This ferrari edition is absloutely fabolus.", "price": 345, "photos": "photos/products/Puma-Ferrari-Shoes.jpg", "stock": 75, "is_available": true, "category": 4, "created_date": "2025-09-06T10:06:33.423Z", "modified_date": "2025-09-06T10:06:33.423Z"}}, {"model": "store.variation", "pk": 1, "fields": {"product": 1, "variation_category": "color", "variation_value": "Red", "is_active": true, "created_date": "2025-11-11T16:08:29.379Z"}}, {"model": "store.variation", "pk": 2, "fields": {"product": 1, "variation_category": "color", "variation_value": "Yellow", "is_active": true, "created_date": "2025-11-12T03:39:17.851Z"}}, {"model": "store.variation", "pk": 3, "fields": {"product": 1, "variation_category": "color", "variation_value": "Green", "is_active": true, "created_date": "2025-11-12T04:13:14.449Z"}}, {"model": "store.variation", "pk": 4, "fields": {"product": 1, "variation_category": "size", "variation_value": "Small", "is_active": true, "created_date": "2025-11-12T04:13:30.184Z"}}, {"model": "store.variation", "pk": 5, "fields": {"product": 1, "variation_category": "size", "variation_value": "Medium", "is_active": true, "created_date": "2025-11-12T04:13:43.279Z"}}, {"model": "store.variation", "pk": 6, "fields": {"product": 1, "variation_category": "size", "variation_value": "Large", "is_active": true, "created_date": "2025-11-12T04:13:55.215Z"}}, {"model": "store.reviewrating", "pk": 5, "fields": {"product": 1, "user": 1, "subject": "Best Jeans", "review": "Amazing fabric. Good quality", "rating": 3.5, "ip": "127.0.0.1", "status": true, "created_at": "2025-12-03T13:40:55.731Z", "updated_at": "2025-12-03T13:40:55.731Z"}}, {"model": "store.reviewrating", "pk": 6, "fields": {"product": 1, "user": 20, "subject": "Amazing Product", "review": "Super product !", "rating": 3.5, "ip": "127.0.0.1", "status": true, "created_at": "2025-12-03T14:22:30.527Z", "updated_at": "2025-12-03T14:23:52.976Z"}}, {"model": "store.productgallery", "pk": 1, "fields": {"product": 1, "image": "store/products/atx_image5.jpg"}}, {"model": "store.productgallery", "pk": 2, "fields": {"product": 1, "image": "store/products/atx_image2.jpg"}}, {"model": "store.productgallery", "pk": 3, "fields": {"product": 1, "image": "store/products/atx7.jpg"}}, {"model": "carts.cart", "pk": 32, "fields": {"cart_id": "erg9l54dec0pzz79u2kfe26ktxm46ecx", "date_added": "2025-11-20"}}, {"model": "carts.cart", "pk": 33, "fields": {"cart_id": "cbye1iftezilymkgn7d3hfq8zl2tsrw8", "date_added": "2025-11-20"}}, {"model": "carts.cart", "pk": 34, "fields": {"cart_id": "3er18zzjemdygouvmx743j11ka27zrm4", "date_added": "2025-11-20"}}, {"model": "carts.cart", "pk": 35, "fields": {"cart_id": "bdl8ryblzswqw0hqdz16fr4gzus3sd4j", "date_added": "2025-11-20"}}, {"model": "carts.cart", "pk": 36, "fields": {"cart_id": "bv26aaldhg7pzy3yzqfn0cutr6b4vlb8", "date_added": "2025-11-20"}}, {"model": "carts.cart", "pk": 37, "fields": {"cart_id": "90877fjgo8remkgg9udg4caeni67k2e1", "date_added": "2025-11-20"}}, {"model": "carts.cart", "pk": 38, "fields": {"cart_id": "ru2f1ey148b52a013ub25hcvg5bdowck", "date_added": "2025-11-20"}}, {"model": "carts.cart", "pk": 39, "fields": {"cart_id": "pkjn4shv5xm232pnjp247c3vgpexpikm", "date_added": "2025-11-20"}}, {"model": "carts.cart", "pk": 40, "fields": {"cart_id": "peqegwyoxqc1k5rg4qk8um3zcbzzb1b2", "date_added": "2025-11-20"}}, {"model": "carts.cart", "pk": 41, "fields": {"cart_id": "yoay1onhcdkikw2fsxt81ve14bibsiza", "date_added": "2025-11-20"}}, {"model": "carts.cart", "pk": 42, "fields": {"cart_id": "syygybkmjcuxtogjomv74b5t10vlyejt", "date_added": "2025-11-20"}}, {"model": "carts.cart", "pk": 43, "fields": {"cart_id": "kd2iyqvudnmjodjbk4gxols1qpxx6g25", "date_added": "2025-11-21"}}, {"model": "carts.cart", "pk": 44, "fields": {"cart_id": "7rdd7gpddsvueq2a6aepbqc5frvf0k4y", "date_added": "2025-11-21"}}, {"model": "carts.cart", "pk": 45, "fields": {"cart_id": "qfx8ggx3e2jtf8t0upzhmcl7vq675itg", "date_added": "2025-11-29"}}, {"model": "carts.cart", "pk": 46, "fields": {"cart_id": "9trj11wxjhki4qalmho4pjhyg1scyz6a", "date_added": "2025-12-01"}}, {"model": "carts.cartitem", "pk": 93, "fields": {"user": null, "product": 1, "cart": 32, "quantity": 1, "is_active": true, "variations": [1, 4]}}, {"model": "carts.cartitem", "pk": 95, "fields": {"user": null, "product": 1, "cart": 33, "quantity": 1, "is_active": true, "variations": [2, 5]}}, {"model": "carts.cartitem", "pk": 98, "fields": {"user": null, "product": 1, "cart": 34, "quantity": 1, "is_active": true, "variations": [1, 6]}}, {"model": "carts.cartitem", "pk": 110, "fields": {"user": null, "product": 1, "cart": 39, "quantity": 1, "is_active": true, "variations": [2, 5]}}, {"model": "carts.cartitem", "pk": 112, "fields": {"user": null, "product": 1, "cart": 41, "quantity": 1, "is_active": true, "variations": [1, 4]}}, {"model": "carts.cartitem", "pk": 114, "fields": {"user": null, "product": 1, "cart": 42, "quantity": 1, "is_active": true, "variations": [2, 5]}}, {"model": "carts.cartitem", "pk": 115, "fields": {"user": null, "product": 1, "cart": 43, "quantity": 1, "is_active": true, "variations": [2, 4]}}, {"model": "carts.cartitem", "pk": 131, "fields": {"user": null, "product": 1, "cart": 46, "quantity": 1, "is_active": true, "variations": [2, 5]}}, {"model": "orders.payment", "pk": 17, "fields": {"user": 1, "payment_id": "64C123456P1728719", "payment_method": "Paypal", "amount_paid": "405.96", "status": "COMPLETED", "created_at": "2025-12-03T13:39:30.917Z"}}, {"model": "orders.payment", "pk": 18, "fields": {"user": 20, "payment_id": "59C792848T441244D", "payment_method": "Paypal", "amount_paid": "202.98", "status": "COMPLETED", "created_at": "2025-12-03T14:21:04.566Z"}}, {"model": "orders.order", "pk": 63, "fields": {"user": 1, "payment": 17, "order_number": "2025120363", "first_name": "sagar", "last_name": "singh", "phone_number": "2323e", "email": "sagarcreane@gmail.com", "address_line_1": "Plot 49b", "address_line_2": "As Boys Hostel", "country": "India", "state": "Uttar Pradesh", "city": "Greater Noida", "order_note": "test", "order_total": 405.96, "tax": 7.96, "status": "New", "ip": "127.0.0.1", "is_ordered": true, "created_at": "2025-12-03T13:37:35.527Z", "updated_at": "2025-12-03T13:39:30.919Z"}}, {"model": "orders.order", "pk": 64, "fields": {"user": 20, "payment": 18, "order_number": "2025120364", "first_name": "Sunita", "last_name": "Sinha", "phone_number": "08873888425", "email": "sunitasinha.tiny@gmail.com", "address_line_1": "Kamlabhawan,rajendrapath,dhankutti", "address_line_2": "Near ramruchi girls high school", "country": "India", "state": "Bihar", "city": "Gaya", "order_note": "test", "order_total": 202.98, "tax": 3.98, "status": "New", "ip": "127.0.0.1", "is_ordered": true, "created_at": "2025-12-03T14:20:40.222Z", "updated_at": "2025-12-03T14:21:04.568Z"}}, {"model": "orders.orderproduct", "pk": 32, "fields": {"order": 63, "payment": 17, "user": 1, "product": 1, "quantity": 1, "product_price": 199.0, "ordered": true, "created_at": "2025-12-03T13:39:30.923Z", "updated_at": "2025-12-03T13:39:30.927Z", "variations": [2, 4]}}, {"model": "orders.orderproduct", "pk": 33, "fields": {"order": 63, "payment": 17, "user": 1, "product": 1, "quantity": 1, "product_price": 199.0, "ordered": true, "created_at": "2025-12-03T13:39:30.934Z", "updated_at": "2025-12-03T13:39:30.938Z", "variations": [1, 4]}}, {"model": "orders.orderproduct", "pk": 34, "fields": {"order": 64, "payment": 18, "user": 20, "product": 1, "quantity": 1, "product_price": 199.0, "ordered": true, "created_at": "2025-12-03T14:21:04.572Z", "updated_at": "2025-12-03T14:21:04.576Z", "variations": [1, 6]}}]